dataset,model,accuracy_at_all_genes,accuracy_at_p99,max_accuracy,climbed,reaches_chance,genes_at_p99
adamson,gears,0.39055147750799923,0.8050985371726711,0.8050985371726711,True,True,50.61904761904762
adamson,gears_noprior,0.3578505552418596,0.7073807363411057,0.7073807363411057,True,True,50.61904761904762
adamson,hgnn,0.4555335968379447,0.901836707035797,0.901836707035797,True,True,50.61904761904762
adamson,hgnn_noprior,0.45646527385657826,0.8991225033924598,0.8991225033924598,True,True,50.61904761904762
dixit,gears,0.36485235434956104,0.5006031558964843,0.5006031558964843,True,True,50.2
dixit,gears_noprior,0.3470470869912211,0.4162383118116546,0.45662130687548413,True,False,50.2
dixit,hgnn,0.48174780526735833,0.6748523088490281,0.6748523088490281,True,True,50.2
dixit,hgnn_noprior,0.4835754189944135,0.6693638454187154,0.6693638454187154,True,True,50.2
norman,gears,0.18900066231714935,0.7736716806110484,0.7736716806110484,True,True,50.45461857559946
norman,gears_noprior,0.1860164700878819,0.7503870677712481,0.7503870677712481,True,True,50.45461857559946
norman,hgnn,0.2075756104701087,0.7975521334816401,0.7975521334816401,True,True,50.45461857559946
norman,hgnn_noprior,0.2071806151445294,0.7941450486462032,0.7941450486462032,True,True,50.45461857559946
