dataset,model,percentile,direction_accuracy,ci_lo,ci_hi,n_genes_surviving,min_abs_delta
adamson,gears,0.0,0.39055147750799923,0.37420913047775367,0.4068938245382448,5060.0,0.0
adamson,gears,4.125,0.39055147750799923,0.37420913047775367,0.4068938245382448,5060.0,0.0
adamson,gears,8.25,0.39055147750799923,0.37420913047775367,0.4068938245382448,5060.0,0.0
adamson,gears,12.375,0.39055147750799923,0.37420913047775367,0.4068938245382448,5060.0,0.0
adamson,gears,16.5,0.39055147750799923,0.37420913047775367,0.4068938245382448,5060.0,0.0
adamson,gears,20.625,0.39055147750799923,0.37420913047775367,0.4068938245382448,5060.0,0.0
adamson,gears,24.75,0.39055147750799923,0.37420913047775367,0.4068938245382448,5060.0,0.0
adamson,gears,28.875,0.39055147750799923,0.37420913047775367,0.4068938245382448,5060.0,0.0
adamson,gears,33.0,0.39055147750799923,0.37420913047775367,0.4068938245382448,5060.0,0.0
adamson,gears,37.125,0.6102524397015032,0.5869916689256123,0.6335132104773942,3181.4761904761904,0.002495492167770876
adamson,gears,41.25,0.6163224988094508,0.5923263211580224,0.6403186764608791,2972.7619047619046,0.01042740648612377
adamson,gears,45.375,0.6232500302324482,0.5980161221085675,0.6484839383563289,2768.028571428572,0.015761256421450525
adamson,gears,49.5,0.6289900152172696,0.6020815857837409,0.6558984446507983,2557.9904761904763,0.019958086615428326
adamson,gears,53.625,0.6338040567501777,0.6061276582340487,0.6614804552663067,2347.5809523809526,0.024477514109341427
adamson,gears,57.75,0.6390405347484849,0.6109687326919903,0.6671123368049795,2137.990476190476,0.031173374795354914
adamson,gears,61.875,0.6456722176433046,0.6163377896885709,0.6750066455980384,1929.1428571428573,0.03984562798170375
adamson,gears,66.0,0.6522774391552014,0.6214674659077797,0.6830874124026232,1720.485714285714,0.05010800158977509
adamson,gears,70.125,0.6589024832133769,0.6261511222263471,0.6916538442004067,1511.7523809523811,0.06287275112932547
adamson,gears,74.25,0.6675024386293871,0.6325671243980575,0.7024377528607166,1302.9714285714285,0.07822107329498981
adamson,gears,78.375,0.6751303037750152,0.6376206999039001,0.7126399076461302,1094.2380952380952,0.09741912569664414
adamson,gears,82.5,0.6845626399110288,0.6445420960620687,0.724583183759989,885.5238095238095,0.12141347314696752
adamson,gears,86.625,0.6954095761935661,0.6552600662931007,0.7355590860940315,676.8095238095239,0.1528292858242057
adamson,gears,90.75,0.7103260570970369,0.6669563709999992,0.7536957431940746,468.0476190476191,0.19677632544934745
adamson,gears,94.875,0.7355958962319633,0.6920767750819354,0.7791150173819912,259.3333333333333,0.26804843996092653
adamson,gears,99.0,0.8050985371726711,0.7494018074408345,0.8607952669045077,50.61904761904762,0.47354842871427627
adamson,gears_noprior,0.0,0.3578505552418596,0.3303118090988305,0.3853893013848887,5060.0,0.0
adamson,gears_noprior,4.125,0.3578505552418596,0.3303118090988305,0.3853893013848887,5060.0,0.0
adamson,gears_noprior,8.25,0.3578505552418596,0.3303118090988305,0.3853893013848887,5060.0,0.0
adamson,gears_noprior,12.375,0.3578505552418596,0.3303118090988305,0.3853893013848887,5060.0,0.0
adamson,gears_noprior,16.5,0.3578505552418596,0.3303118090988305,0.3853893013848887,5060.0,0.0
adamson,gears_noprior,20.625,0.3578505552418596,0.3303118090988305,0.3853893013848887,5060.0,0.0
adamson,gears_noprior,24.75,0.3578505552418596,0.3303118090988305,0.3853893013848887,5060.0,0.0
adamson,gears_noprior,28.875,0.3578505552418596,0.3303118090988305,0.3853893013848887,5060.0,0.0
adamson,gears_noprior,33.0,0.3578505552418596,0.3303118090988305,0.3853893013848887,5060.0,0.0
adamson,gears_noprior,37.125,0.5585431756330207,0.5177252195767974,0.599361131689244,3181.4761904761904,0.002495492167770876
adamson,gears_noprior,41.25,0.5623320702637267,0.5193139261285256,0.6053502143989278,2972.7619047619046,0.01042740648612377
adamson,gears_noprior,45.375,0.5659274162222805,0.5203520346118663,0.6115027978326947,2768.028571428572,0.015761256421450525
adamson,gears_noprior,49.5,0.5695370068623862,0.5230553977380159,0.6160186159867564,2557.9904761904763,0.019958086615428326
adamson,gears_noprior,53.625,0.5730519308192017,0.525998821246968,0.6201050403914354,2347.5809523809526,0.024477514109341427
adamson,gears_noprior,57.75,0.577113656259726,0.5291182541658627,0.6251090583535893,2137.990476190476,0.031173374795354914
adamson,gears_noprior,61.875,0.5821248176302,0.5318990467733004,0.6323505884870996,1929.1428571428573,0.03984562798170375
adamson,gears_noprior,66.0,0.586403856515161,0.5341790702422495,0.6386286427880725,1720.485714285714,0.05010800158977509
adamson,gears_noprior,70.125,0.5916088135031607,0.5371528685545949,0.6460647584517266,1511.7523809523811,0.06287275112932547
adamson,gears_noprior,74.25,0.597762817611905,0.5403092155560486,0.6552164196677613,1302.9714285714285,0.07822107329498981
adamson,gears_noprior,78.375,0.603197211241942,0.5433020985367432,0.6630923239471409,1094.2380952380952,0.09741912569664414
adamson,gears_noprior,82.5,0.6095372330128633,0.5469125967651798,0.6721618692605469,885.5238095238095,0.12141347314696752
adamson,gears_noprior,86.625,0.6165121612691379,0.5494672588425918,0.6835570636956839,676.8095238095239,0.1528292858242057
adamson,gears_noprior,90.75,0.627386369968107,0.5564631433320226,0.6983095966041915,468.0476190476191,0.19677632544934745
adamson,gears_noprior,94.875,0.6433503302205008,0.5644308864274148,0.7222697740135868,259.3333333333333,0.26804843996092653
adamson,gears_noprior,99.0,0.7073807363411057,0.6092368205200742,0.8055246521621371,50.61904761904762,0.47354842871427627
adamson,hgnn,0.0,0.4555335968379447,0.44436442739943965,0.46670276627644974,5060.0,0.0
adamson,hgnn,4.125,0.4555335968379447,0.44436442739943965,0.46670276627644974,5060.0,0.0
adamson,hgnn,8.25,0.4555335968379447,0.44436442739943965,0.46670276627644974,5060.0,0.0
adamson,hgnn,12.375,0.4555335968379447,0.44436442739943965,0.46670276627644974,5060.0,0.0
adamson,hgnn,16.5,0.4555335968379447,0.44436442739943965,0.46670276627644974,5060.0,0.0
adamson,hgnn,20.625,0.4555335968379447,0.44436442739943965,0.46670276627644974,5060.0,0.0
adamson,hgnn,24.75,0.4555335968379447,0.44436442739943965,0.46670276627644974,5060.0,0.0
adamson,hgnn,28.875,0.4555335968379447,0.44436442739943965,0.46670276627644974,5060.0,0.0
adamson,hgnn,33.0,0.4555335968379447,0.44436442739943965,0.46670276627644974,5060.0,0.0
adamson,hgnn,37.125,0.7127508098149148,0.6964810868878222,0.7290205327420074,3181.4761904761904,0.002495492167770876
adamson,hgnn,41.25,0.7236498890335652,0.706422261475746,0.7408775165913843,2972.7619047619046,0.01042740648612377
adamson,hgnn,45.375,0.739759342910168,0.7183267736921779,0.7611919121281581,2768.028571428572,0.015761256421450525
adamson,hgnn,49.5,0.7478663744213673,0.7285634636641006,0.7671692851786339,2557.9904761904763,0.019958086615428326
adamson,hgnn,53.625,0.7489708582129375,0.7283592041095234,0.7695825123163517,2347.5809523809526,0.024477514109341427
adamson,hgnn,57.75,0.7521392646107505,0.7276748971961547,0.7766036320253463,2137.990476190476,0.031173374795354914
adamson,hgnn,61.875,0.7601738882599794,0.7347513468035582,0.7855964297164006,1929.1428571428573,0.03984562798170375
adamson,hgnn,66.0,0.7669238649424258,0.7395359112051327,0.7943118186797189,1720.485714285714,0.05010800158977509
adamson,hgnn,70.125,0.7761847175065105,0.7472697460633912,0.8050996889496298,1511.7523809523811,0.06287275112932547
adamson,hgnn,74.25,0.787496171671308,0.7573037053986263,0.8176886379439897,1302.9714285714285,0.07822107329498981
adamson,hgnn,78.375,0.7992454882217104,0.7680332738220771,0.8304577026213437,1094.2380952380952,0.09741912569664414
adamson,hgnn,82.5,0.8119072833828946,0.7794173778033202,0.8443971889624691,885.5238095238095,0.12141347314696752
adamson,hgnn,86.625,0.8260544657761748,0.7939485305186503,0.8581604010336993,676.8095238095239,0.1528292858242057
adamson,hgnn,90.75,0.8441936596507119,0.8107492176071263,0.8776381016942976,468.0476190476191,0.19677632544934745
adamson,hgnn,94.875,0.8686217173475944,0.8335538977351918,0.903689536959997,259.3333333333333,0.26804843996092653
adamson,hgnn,99.0,0.901836707035797,0.8591704132512838,0.9445030008203101,50.61904761904762,0.47354842871427627
adamson,hgnn_noprior,0.0,0.45646527385657826,0.44053710972727905,0.47239343798587746,5060.0,0.0
adamson,hgnn_noprior,4.125,0.45646527385657826,0.44053710972727905,0.47239343798587746,5060.0,0.0
adamson,hgnn_noprior,8.25,0.45646527385657826,0.44053710972727905,0.47239343798587746,5060.0,0.0
adamson,hgnn_noprior,12.375,0.45646527385657826,0.44053710972727905,0.47239343798587746,5060.0,0.0
adamson,hgnn_noprior,16.5,0.45646527385657826,0.44053710972727905,0.47239343798587746,5060.0,0.0
adamson,hgnn_noprior,20.625,0.45646527385657826,0.44053710972727905,0.47239343798587746,5060.0,0.0
adamson,hgnn_noprior,24.75,0.45646527385657826,0.44053710972727905,0.47239343798587746,5060.0,0.0
adamson,hgnn_noprior,28.875,0.45646527385657826,0.44053710972727905,0.47239343798587746,5060.0,0.0
adamson,hgnn_noprior,33.0,0.45646527385657826,0.44053710972727905,0.47239343798587746,5060.0,0.0
adamson,hgnn_noprior,37.125,0.7142491787558252,0.6903319377691796,0.7381664197424708,3181.4761904761904,0.002495492167770876
adamson,hgnn_noprior,41.25,0.7252177990614138,0.7001082086245646,0.750327389498263,2972.7619047619046,0.01042740648612377
adamson,hgnn_noprior,45.375,0.741653176543842,0.7105747843050493,0.7727315687826347,2768.028571428572,0.015761256421450525
adamson,hgnn_noprior,49.5,0.7495857607536459,0.7200409905550996,0.7791305309521922,2557.9904761904763,0.019958086615428326
adamson,hgnn_noprior,53.625,0.7507192021663733,0.7193672828753962,0.7820711214573505,2347.5809523809526,0.024477514109341427
adamson,hgnn_noprior,57.75,0.7541213354232826,0.7178632576212801,0.7903794132252852,2137.990476190476,0.031173374795354914
adamson,hgnn_noprior,61.875,0.7622057319553178,0.7241321792014203,0.8002792847092154,1929.1428571428573,0.03984562798170375
adamson,hgnn_noprior,66.0,0.7690378175098086,0.7278827049985843,0.8101929300210329,1720.485714285714,0.05010800158977509
adamson,hgnn_noprior,70.125,0.7783921018555069,0.7345252403841112,0.8222589633269026,1511.7523809523811,0.06287275112932547
adamson,hgnn_noprior,74.25,0.7900277203565296,0.7442654738722351,0.8357899668408241,1302.9714285714285,0.07822107329498981
adamson,hgnn_noprior,78.375,0.8021550733890038,0.7544120854812383,0.8498980612967694,1094.2380952380952,0.09741912569664414
adamson,hgnn_noprior,82.5,0.8149998879875607,0.7644343326530293,0.8655654433220922,885.5238095238095,0.12141347314696752
adamson,hgnn_noprior,86.625,0.829153059357874,0.7778903412808544,0.8804157774348935,676.8095238095239,0.1528292858242057
adamson,hgnn_noprior,90.75,0.8470167784962588,0.7944792070284913,0.8995543499640263,468.0476190476191,0.19677632544934745
adamson,hgnn_noprior,94.875,0.8698378518198264,0.8185272549480798,0.9211484486915731,259.3333333333333,0.26804843996092653
adamson,hgnn_noprior,99.0,0.8991225033924598,0.8426090641068704,0.9556359426780492,50.61904761904762,0.47354842871427627
dixit,gears,0.0,0.36485235434956104,0.3455309197577804,0.3841737889413417,5012.0,0.0
dixit,gears,4.125,0.36485235434956104,0.3455309197577804,0.3841737889413417,5012.0,0.0
dixit,gears,8.25,0.36485235434956104,0.3455309197577804,0.3841737889413417,5012.0,0.0
dixit,gears,12.375,0.36485235434956104,0.3455309197577804,0.3841737889413417,5012.0,0.0
dixit,gears,16.5,0.36485235434956104,0.3455309197577804,0.3841737889413417,5012.0,0.0
dixit,gears,20.625,0.36485235434956104,0.3455309197577804,0.3841737889413417,5012.0,0.0
dixit,gears,24.75,0.4325382635152004,0.35716718628275035,0.5079093407476505,4267.64,0.0006448680018074809
dixit,gears,28.875,0.48179225902239137,0.4514173571530143,0.5121671608917685,3564.8,0.005008542991010472
dixit,gears,33.0,0.4799691034367982,0.44826501523238577,0.5116731916412106,3358.44,0.009722814269363882
dixit,gears,37.125,0.4793805085142989,0.4464054270002241,0.5123555900283737,3151.7200000000003,0.013274464323651047
dixit,gears,41.25,0.48045721210388104,0.444482461570255,0.5164319626375071,2948.12,0.015862234290689232
dixit,gears,45.375,0.48224961675354183,0.4442943834320203,0.5202048500750633,2738.4,0.01834123580157757
dixit,gears,49.5,0.4826898759514234,0.4456870135922974,0.5196927383105493,2531.3599999999997,0.021516035608947277
dixit,gears,53.625,0.48225415277557404,0.44436846875886127,0.5201398367922868,2324.4800000000005,0.025564784853020682
dixit,gears,57.75,0.48377657898831306,0.44420758824524653,0.5233455697313796,2117.6,0.030725734023377298
dixit,gears,61.875,0.4839008617456705,0.4429807637956502,0.5248209596956908,1912.48,0.03624427388072945
dixit,gears,66.0,0.4847989817075783,0.4422307290425611,0.5273672343725955,1704.2,0.042128545306623
dixit,gears,70.125,0.485220981154027,0.4400318884106356,0.5304100738974185,1497.4,0.0496355943656527
dixit,gears,74.25,0.48662923009939246,0.4401423433378827,0.5331161168609022,1290.6,0.0586493588853628
dixit,gears,78.375,0.4861190262957769,0.4381074031329567,0.5341306494585971,1084.0,0.06908473615348339
dixit,gears,82.5,0.4848753492866589,0.4339690238960645,0.5357816746772532,877.2,0.08195146944373845
dixit,gears,86.625,0.4849882898481915,0.4304172691519485,0.5395593105444345,670.4,0.09890623610280452
dixit,gears,90.75,0.4836049416704539,0.42973047393849884,0.537479409402409,463.6,0.12139801304321736
dixit,gears,94.875,0.4861982342663528,0.4231160376334224,0.5492804308992831,257.0,0.15745594196952878
dixit,gears,99.0,0.5006031558964843,0.3842453168236609,0.6169609949693077,50.2,0.2585198944807052
dixit,gears_noprior,0.0,0.3470470869912211,0.3207636371504026,0.3733305368320396,5012.0,0.0
dixit,gears_noprior,4.125,0.3470470869912211,0.3207636371504026,0.3733305368320396,5012.0,0.0
dixit,gears_noprior,8.25,0.3470470869912211,0.3207636371504026,0.3733305368320396,5012.0,0.0
dixit,gears_noprior,12.375,0.3470470869912211,0.3207636371504026,0.3733305368320396,5012.0,0.0
dixit,gears_noprior,16.5,0.3470470869912211,0.3207636371504026,0.3733305368320396,5012.0,0.0
dixit,gears_noprior,20.625,0.3470470869912211,0.3207636371504026,0.3733305368320396,5012.0,0.0
dixit,gears_noprior,24.75,0.4111591909379008,0.33684900911729326,0.4854693727585084,4267.64,0.0006448680018074809
dixit,gears_noprior,28.875,0.45662130687548413,0.41877223269123803,0.49447038105973024,3564.8,0.005008542991010472
dixit,gears_noprior,33.0,0.45461316099293814,0.41614194981207786,0.4930843721737984,3358.44,0.009722814269363882
dixit,gears_noprior,37.125,0.45314621072253536,0.4130303717895931,0.4932620496554776,3151.7200000000003,0.013274464323651047
dixit,gears_noprior,41.25,0.45409028796368744,0.4091221449332313,0.4990584309941436,2948.12,0.015862234290689232
dixit,gears_noprior,45.375,0.45457615406377466,0.40907324737893447,0.5000790607486149,2738.4,0.01834123580157757
dixit,gears_noprior,49.5,0.45415098020872957,0.40730441220380825,0.5009975482136508,2531.3599999999997,0.021516035608947277
dixit,gears_noprior,53.625,0.4543610994695871,0.4086116398226975,0.5001105591164767,2324.4800000000005,0.025564784853020682
dixit,gears_noprior,57.75,0.4543142886139222,0.40890383933180496,0.49972473789603944,2117.6,0.030725734023377298
dixit,gears_noprior,61.875,0.45369134312507303,0.40774613132086973,0.49963655492927633,1912.48,0.03624427388072945
dixit,gears_noprior,66.0,0.4519611819566055,0.4058623907901805,0.4980599731230305,1704.2,0.042128545306623
dixit,gears_noprior,70.125,0.45206431636145217,0.40344846716493976,0.5006801655579646,1497.4,0.0496355943656527
dixit,gears_noprior,74.25,0.45327129389590226,0.4042267626060159,0.5023158251857887,1290.6,0.0586493588853628
dixit,gears_noprior,78.375,0.4493522459476697,0.39848216239820416,0.5002223294971353,1084.0,0.06908473615348339
dixit,gears_noprior,82.5,0.44586969297073586,0.3927507970181289,0.4989885889233428,877.2,0.08195146944373845
dixit,gears_noprior,86.625,0.44311753409262983,0.38879379306664263,0.497441275118617,670.4,0.09890623610280452
dixit,gears_noprior,90.75,0.4376392857985999,0.37532041907467634,0.49995815252252346,463.6,0.12139801304321736
dixit,gears_noprior,94.875,0.43042305128229535,0.35799583488730935,0.5028502676772814,257.0,0.15745594196952878
dixit,gears_noprior,99.0,0.4162383118116546,0.2846910763355194,0.5477855472877898,50.2,0.2585198944807052
dixit,hgnn,0.0,0.48174780526735833,0.4679857917329708,0.4955098188017459,5012.0,0.0
dixit,hgnn,4.125,0.48174780526735833,0.4679857917329708,0.4955098188017459,5012.0,0.0
dixit,hgnn,8.25,0.48174780526735833,0.4679857917329708,0.4955098188017459,5012.0,0.0
dixit,hgnn,12.375,0.48174780526735833,0.4679857917329708,0.4955098188017459,5012.0,0.0
dixit,hgnn,16.5,0.48174780526735833,0.4679857917329708,0.4955098188017459,5012.0,0.0
dixit,hgnn,20.625,0.48174780526735833,0.4679857917329708,0.4955098188017459,5012.0,0.0
dixit,hgnn,24.75,0.5738711593438814,0.45953371149339445,0.6882086071943685,4267.64,0.0006448680018074809
dixit,hgnn,28.875,0.6447684182102458,0.6300764972395494,0.6594603391809422,3564.8,0.005008542991010472
dixit,hgnn,33.0,0.6514535353515009,0.6337348907945829,0.6691721799084188,3358.44,0.009722814269363882
dixit,hgnn,37.125,0.6544517908745422,0.6344583336555395,0.6744452480935449,3151.7200000000003,0.013274464323651047
dixit,hgnn,41.25,0.6540710663859792,0.6322357952192529,0.6759063375527056,2948.12,0.015862234290689232
dixit,hgnn,45.375,0.6519610674797078,0.6309175824036142,0.6730045525558015,2738.4,0.01834123580157757
dixit,hgnn,49.5,0.6483778525013703,0.6255120162059398,0.6712436887968007,2531.3599999999997,0.021516035608947277
dixit,hgnn,53.625,0.645737209575252,0.6212862370317762,0.6701881821187279,2324.4800000000005,0.025564784853020682
dixit,hgnn,57.75,0.6468537698850658,0.6198947115412944,0.6738128282288373,2117.6,0.030725734023377298
dixit,hgnn,61.875,0.6455133250256125,0.6168902428804769,0.6741364071707482,1912.48,0.03624427388072945
dixit,hgnn,66.0,0.6418822657419325,0.6128673860064726,0.6708971454773924,1704.2,0.042128545306623
dixit,hgnn,70.125,0.6413809885805406,0.6139862640066555,0.6687757131544257,1497.4,0.0496355943656527
dixit,hgnn,74.25,0.6402800151192658,0.6128344648716475,0.6677255653668841,1290.6,0.0586493588853628
dixit,hgnn,78.375,0.6394193635903587,0.6087787569461283,0.6700599702345891,1084.0,0.06908473615348339
dixit,hgnn,82.5,0.6393510995709754,0.6054717083746936,0.6732304907672572,877.2,0.08195146944373845
dixit,hgnn,86.625,0.6429909746613997,0.6063965508920502,0.679585398430749,670.4,0.09890623610280452
dixit,hgnn,90.75,0.6431252576994709,0.6084919951936236,0.6777585202053182,463.6,0.12139801304321736
dixit,hgnn,94.875,0.6492692388801509,0.6062994717796639,0.6922390059806378,257.0,0.15745594196952878
dixit,hgnn,99.0,0.6748523088490281,0.6241817494188527,0.7255228682792035,50.2,0.2585198944807052
dixit,hgnn_noprior,0.0,0.4835754189944135,0.47283708269531166,0.4943137552935153,5012.0,0.0
dixit,hgnn_noprior,4.125,0.4835754189944135,0.47283708269531166,0.4943137552935153,5012.0,0.0
dixit,hgnn_noprior,8.25,0.4835754189944135,0.47283708269531166,0.4943137552935153,5012.0,0.0
dixit,hgnn_noprior,12.375,0.4835754189944135,0.47283708269531166,0.4943137552935153,5012.0,0.0
dixit,hgnn_noprior,16.5,0.4835754189944135,0.47283708269531166,0.4943137552935153,5012.0,0.0
dixit,hgnn_noprior,20.625,0.4835754189944135,0.47283708269531166,0.4943137552935153,5012.0,0.0
dixit,hgnn_noprior,24.75,0.5760354571653918,0.4617781337481372,0.6902927805826464,4267.64,0.0006448680018074809
dixit,hgnn_noprior,28.875,0.6471305330110821,0.6365210352505067,0.6577400307716575,3564.8,0.005008542991010472
dixit,hgnn_noprior,33.0,0.653817102872998,0.6438410301776804,0.6637931755683156,3358.44,0.009722814269363882
dixit,hgnn_noprior,37.125,0.6569293763854054,0.6478675381414173,0.6659912146293935,3151.7200000000003,0.013274464323651047
dixit,hgnn_noprior,41.25,0.6567951424903141,0.6490936580285163,0.664496626952112,2948.12,0.015862234290689232
dixit,hgnn_noprior,45.375,0.6541841515521096,0.6436840129089278,0.6646842901952914,2738.4,0.01834123580157757
dixit,hgnn_noprior,49.5,0.6507552430937537,0.6385676391546631,0.6629428470328442,2531.3599999999997,0.021516035608947277
dixit,hgnn_noprior,53.625,0.6484097113708973,0.6371599388616002,0.6596594838801945,2324.4800000000005,0.025564784853020682
dixit,hgnn_noprior,57.75,0.6495014630223561,0.6367604079795818,0.6622425180651305,2117.6,0.030725734023377298
dixit,hgnn_noprior,61.875,0.6484366328609676,0.6332557922641081,0.6636174734578272,1912.48,0.03624427388072945
dixit,hgnn_noprior,66.0,0.6443945705246874,0.6280237392844251,0.6607654017649497,1704.2,0.042128545306623
dixit,hgnn_noprior,70.125,0.6440306922911122,0.62643712473155,0.6616242598506744,1497.4,0.0496355943656527
dixit,hgnn_noprior,74.25,0.6429197496387417,0.6261772617223428,0.6596622375551405,1290.6,0.0586493588853628
dixit,hgnn_noprior,78.375,0.6414891897804722,0.6235396378362488,0.6594387417246956,1084.0,0.06908473615348339
dixit,hgnn_noprior,82.5,0.6414158577937769,0.6186022002863556,0.6642295153011981,877.2,0.08195146944373845
dixit,hgnn_noprior,86.625,0.6457178050626563,0.6209591143728244,0.6704764957524882,670.4,0.09890623610280452
dixit,hgnn_noprior,90.75,0.6478163899022428,0.6181767702355965,0.6774560095688891,463.6,0.12139801304321736
dixit,hgnn_noprior,94.875,0.6530359373126526,0.6134925164070258,0.6925793582182794,257.0,0.15745594196952878
dixit,hgnn_noprior,99.0,0.6693638454187154,0.6062280901387282,0.7324996006987026,50.2,0.2585198944807052
norman,gears,0.0,0.18900066231714935,0.18634273029380366,0.19165859434049504,5045.0,0.0
norman,gears,4.125,0.18900066231714935,0.18634273029380366,0.19165859434049504,5045.0,0.0
norman,gears,8.25,0.18900066231714935,0.18634273029380366,0.19165859434049504,5045.0,0.0
norman,gears,12.375,0.18900066231714935,0.18634273029380366,0.19165859434049504,5045.0,0.0
norman,gears,16.5,0.18900066231714935,0.18634273029380366,0.19165859434049504,5045.0,0.0
norman,gears,20.625,0.18900066231714935,0.18634273029380366,0.19165859434049504,5045.0,0.0
norman,gears,24.75,0.18900066231714935,0.18634273029380366,0.19165859434049504,5045.0,0.0
norman,gears,28.875,0.18900066231714935,0.18634273029380366,0.19165859434049504,5045.0,0.0
norman,gears,33.0,0.18900066231714935,0.18634273029380366,0.19165859434049504,5045.0,0.0
norman,gears,37.125,0.18900066231714935,0.18634273029380366,0.19165859434049504,5045.0,0.0
norman,gears,41.25,0.18900066231714935,0.18634273029380366,0.19165859434049504,5045.0,0.0
norman,gears,45.375,0.18900066231714935,0.18634273029380366,0.19165859434049504,5045.0,0.0
norman,gears,49.5,0.18900066231714935,0.18634273029380366,0.19165859434049504,5045.0,0.0
norman,gears,53.625,0.18900066231714935,0.18634273029380366,0.19165859434049504,5045.0,0.0
norman,gears,57.75,0.18900066231714935,0.18634273029380366,0.19165859434049504,5045.0,0.0
norman,gears,61.875,0.18900066231714935,0.18634273029380366,0.19165859434049504,5045.0,0.0
norman,gears,66.0,0.18900066231714935,0.18634273029380366,0.19165859434049504,5045.0,0.0
norman,gears,70.125,0.6127041359004615,0.6015271105678766,0.6238811612330464,1507.197925723691,0.0038738975133746924
norman,gears,74.25,0.6262741991516535,0.6148550537047149,0.6376933445985921,1303.475064664913,0.016483886145055304
norman,gears,78.375,0.6386292686241746,0.6271384134793534,0.6501201237689958,1092.3915388554847,0.022546101696789222
norman,gears,82.5,0.6481455305697367,0.6378435698694016,0.6584474912700717,882.9067301995535,0.03521812044084072
norman,gears,86.625,0.6604586356603125,0.6511756863454112,0.6697415849752137,674.7890099070241,0.05459154645353555
norman,gears,90.75,0.6763799005872979,0.667302127452092,0.6854576737225038,466.6666552345023,0.08880115488916629
norman,gears,94.875,0.7056389986906114,0.6912865312288233,0.7199914661523995,258.56142887556763,0.1565121147446334
norman,gears,99.0,0.7736716806110484,0.7407822518384811,0.8065611093836157,50.45461857559946,0.40027826929092375
norman,gears_noprior,0.0,0.1860164700878819,0.18366086961328287,0.18837207056248095,5045.0,0.0
norman,gears_noprior,4.125,0.1860164700878819,0.18366086961328287,0.18837207056248095,5045.0,0.0
norman,gears_noprior,8.25,0.1860164700878819,0.18366086961328287,0.18837207056248095,5045.0,0.0
norman,gears_noprior,12.375,0.1860164700878819,0.18366086961328287,0.18837207056248095,5045.0,0.0
norman,gears_noprior,16.5,0.1860164700878819,0.18366086961328287,0.18837207056248095,5045.0,0.0
norman,gears_noprior,20.625,0.1860164700878819,0.18366086961328287,0.18837207056248095,5045.0,0.0
norman,gears_noprior,24.75,0.1860164700878819,0.18366086961328287,0.18837207056248095,5045.0,0.0
norman,gears_noprior,28.875,0.1860164700878819,0.18366086961328287,0.18837207056248095,5045.0,0.0
norman,gears_noprior,33.0,0.1860164700878819,0.18366086961328287,0.18837207056248095,5045.0,0.0
norman,gears_noprior,37.125,0.1860164700878819,0.18366086961328287,0.18837207056248095,5045.0,0.0
norman,gears_noprior,41.25,0.1860164700878819,0.18366086961328287,0.18837207056248095,5045.0,0.0
norman,gears_noprior,45.375,0.1860164700878819,0.18366086961328287,0.18837207056248095,5045.0,0.0
norman,gears_noprior,49.5,0.1860164700878819,0.18366086961328287,0.18837207056248095,5045.0,0.0
norman,gears_noprior,53.625,0.1860164700878819,0.18366086961328287,0.18837207056248095,5045.0,0.0
norman,gears_noprior,57.75,0.1860164700878819,0.18366086961328287,0.18837207056248095,5045.0,0.0
norman,gears_noprior,61.875,0.1860164700878819,0.18366086961328287,0.18837207056248095,5045.0,0.0
norman,gears_noprior,66.0,0.1860164700878819,0.18366086961328287,0.18837207056248095,5045.0,0.0
norman,gears_noprior,70.125,0.6031031234040926,0.5930324116938964,0.6131738351142887,1507.197925723691,0.0038738975133746924
norman,gears_noprior,74.25,0.6153928635623476,0.6033273235511373,0.6274584035735579,1303.475064664913,0.016483886145055304
norman,gears_noprior,78.375,0.6255642948003886,0.6124090064410137,0.6387195831597634,1092.3915388554847,0.022546101696789222
norman,gears_noprior,82.5,0.634489851146647,0.6204531214596785,0.6485265808336156,882.9067301995535,0.03521812044084072
norman,gears_noprior,86.625,0.6450223640561379,0.62965875019696,0.6603859779153157,674.7890099070241,0.05459154645353555
norman,gears_noprior,90.75,0.6597563687130166,0.6433714692109731,0.67614126821506,466.6666552345023,0.08880115488916629
norman,gears_noprior,94.875,0.6864597247116674,0.6657112607269507,0.707208188696384,258.56142887556763,0.1565121147446334
norman,gears_noprior,99.0,0.7503870677712481,0.6984865246683244,0.8022876108741718,50.45461857559946,0.40027826929092375
norman,hgnn,0.0,0.2075756104701087,0.20237772977506038,0.212773491165157,5045.0,0.0
norman,hgnn,4.125,0.2075756104701087,0.20237772977506038,0.212773491165157,5045.0,0.0
norman,hgnn,8.25,0.2075756104701087,0.20237772977506038,0.212773491165157,5045.0,0.0
norman,hgnn,12.375,0.2075756104701087,0.20237772977506038,0.212773491165157,5045.0,0.0
norman,hgnn,16.5,0.2075756104701087,0.20237772977506038,0.212773491165157,5045.0,0.0
norman,hgnn,20.625,0.2075756104701087,0.20237772977506038,0.212773491165157,5045.0,0.0
norman,hgnn,24.75,0.2075756104701087,0.20237772977506038,0.212773491165157,5045.0,0.0
norman,hgnn,28.875,0.2075756104701087,0.20237772977506038,0.212773491165157,5045.0,0.0
norman,hgnn,33.0,0.2075756104701087,0.20237772977506038,0.212773491165157,5045.0,0.0
norman,hgnn,37.125,0.2075756104701087,0.20237772977506038,0.212773491165157,5045.0,0.0
norman,hgnn,41.25,0.2075756104701087,0.20237772977506038,0.212773491165157,5045.0,0.0
norman,hgnn,45.375,0.2075756104701087,0.20237772977506038,0.212773491165157,5045.0,0.0
norman,hgnn,49.5,0.2075756104701087,0.20237772977506038,0.212773491165157,5045.0,0.0
norman,hgnn,53.625,0.2075756104701087,0.20237772977506038,0.212773491165157,5045.0,0.0
norman,hgnn,57.75,0.2075756104701087,0.20237772977506038,0.212773491165157,5045.0,0.0
norman,hgnn,61.875,0.2075756104701087,0.20237772977506038,0.212773491165157,5045.0,0.0
norman,hgnn,66.0,0.2075756104701087,0.20237772977506038,0.212773491165157,5045.0,0.0
norman,hgnn,70.125,0.674478527080782,0.6539168020783439,0.6950402520832202,1507.197925723691,0.0038738975133746924
norman,hgnn,74.25,0.6950687742956472,0.674656913816153,0.7154806347751413,1303.475064664913,0.016483886145055304
norman,hgnn,78.375,0.7040942771666622,0.6830090019302463,0.7251795524030781,1092.3915388554847,0.022546101696789222
norman,hgnn,82.5,0.7022309652546991,0.6803753479994743,0.7240865825099239,882.9067301995535,0.03521812044084072
norman,hgnn,86.625,0.7088789426537044,0.6867932699318414,0.7309646153755675,674.7890099070241,0.05459154645353555
norman,hgnn,90.75,0.7200036804267552,0.6981768310408779,0.7418305298126325,466.6666552345023,0.08880115488916629
norman,hgnn,94.875,0.7475431784933552,0.7220300111998487,0.7730563457868617,258.56142887556763,0.1565121147446334
norman,hgnn,99.0,0.7975521334816401,0.7623134674698682,0.8327907994934121,50.45461857559946,0.40027826929092375
norman,hgnn_noprior,0.0,0.2071806151445294,0.20094543542385962,0.21341579486519918,5045.0,0.0
norman,hgnn_noprior,4.125,0.2071806151445294,0.20094543542385962,0.21341579486519918,5045.0,0.0
norman,hgnn_noprior,8.25,0.2071806151445294,0.20094543542385962,0.21341579486519918,5045.0,0.0
norman,hgnn_noprior,12.375,0.2071806151445294,0.20094543542385962,0.21341579486519918,5045.0,0.0
norman,hgnn_noprior,16.5,0.2071806151445294,0.20094543542385962,0.21341579486519918,5045.0,0.0
norman,hgnn_noprior,20.625,0.2071806151445294,0.20094543542385962,0.21341579486519918,5045.0,0.0
norman,hgnn_noprior,24.75,0.2071806151445294,0.20094543542385962,0.21341579486519918,5045.0,0.0
norman,hgnn_noprior,28.875,0.2071806151445294,0.20094543542385962,0.21341579486519918,5045.0,0.0
norman,hgnn_noprior,33.0,0.2071806151445294,0.20094543542385962,0.21341579486519918,5045.0,0.0
norman,hgnn_noprior,37.125,0.2071806151445294,0.20094543542385962,0.21341579486519918,5045.0,0.0
norman,hgnn_noprior,41.25,0.2071806151445294,0.20094543542385962,0.21341579486519918,5045.0,0.0
norman,hgnn_noprior,45.375,0.2071806151445294,0.20094543542385962,0.21341579486519918,5045.0,0.0
norman,hgnn_noprior,49.5,0.2071806151445294,0.20094543542385962,0.21341579486519918,5045.0,0.0
norman,hgnn_noprior,53.625,0.2071806151445294,0.20094543542385962,0.21341579486519918,5045.0,0.0
norman,hgnn_noprior,57.75,0.2071806151445294,0.20094543542385962,0.21341579486519918,5045.0,0.0
norman,hgnn_noprior,61.875,0.2071806151445294,0.20094543542385962,0.21341579486519918,5045.0,0.0
norman,hgnn_noprior,66.0,0.2071806151445294,0.20094543542385962,0.21341579486519918,5045.0,0.0
norman,hgnn_noprior,70.125,0.6731662046959772,0.6493939723604342,0.6969384370315203,1507.197925723691,0.0038738975133746924
norman,hgnn_noprior,74.25,0.6933830029115639,0.6691813425973814,0.7175846632257463,1303.475064664913,0.016483886145055304
norman,hgnn_noprior,78.375,0.7022095726764297,0.6766227733694634,0.727796371983396,1092.3915388554847,0.022546101696789222
norman,hgnn_noprior,82.5,0.7002729857928224,0.6733310333296085,0.7272149382560362,882.9067301995535,0.03521812044084072
norman,hgnn_noprior,86.625,0.7067269857906842,0.6785044730123573,0.734949498569011,674.7890099070241,0.05459154645353555
norman,hgnn_noprior,90.75,0.7179648214670641,0.6892073240965604,0.7467223188375678,466.6666552345023,0.08880115488916629
norman,hgnn_noprior,94.875,0.7447744112162947,0.7136896385908331,0.7758591838417563,258.56142887556763,0.1565121147446334
norman,hgnn_noprior,99.0,0.7941450486462032,0.7558525098428692,0.8324375874495371,50.45461857559946,0.40027826929092375
