dataset,model,mean,ci_lo,ci_hi,n_seeds
adamson,gears,18.528579439236392,15.322893810476156,22.404923004907605,5
adamson,gears_noprior,20.644362184389685,17.24744097735607,24.71031444953471,5
adamson,hgnn,17.69293618122922,13.548737092157157,23.104735783400574,5
adamson,hgnn_noprior,16.687516887907123,11.138167383405166,25.001709015352443,5
dixit,gears,10.127064869856529,3.9535581888323046,25.94054215971281,5
dixit,gears_noprior,11.843178562276051,4.887181055561724,28.69975080999608,5
dixit,hgnn,15.540756389080116,10.420347756959389,23.17725998956559,5
dixit,hgnn_noprior,15.75283314750666,11.147792956881103,22.260168728735678,5
norman,gears,35.984790528655516,31.206646378429912,41.49453080245932,5
norman,gears_noprior,38.136911311892916,36.6417518807288,39.69308042763422,5
norman,hgnn,40.61287112959514,36.24689524226479,45.50473331205081,5
norman,hgnn_noprior,40.05050223812526,35.742615031786144,44.87759857804446,5
