dataset,model,seed,n_conditions,n_genes,mse_genome_wide,mse_top20_de,mse_ratio_de_over_genome,pearson_absolute,pearson_delta,pearson_delta_de,direction_accuracy,frac_below_noise_floor,pearson_absolute_ctrl_baseline,frac_true_delta_exactly_zero
adamson,gears,0,21,5060,0.014335136541929963,0.223206139871656,15.5705625278687,0.9760763781702027,0.36178160214020894,0.6587501102599033,0.38080180688876347,0.902823263692829,0.9734468132029113,0.35862977602108037
adamson,gears,1,21,5060,0.01533341913904589,0.3205414943008239,20.904763079526003,0.9741067523932211,0.25172715412716595,0.4582521951280894,0.37489177489177483,0.9215697346132129,0.9750795975814798,0.3643327686805948
adamson,gears,2,21,5060,0.013930702509527347,0.30545151671498044,21.926497712953033,0.9765309983187459,0.35822671808939394,0.5861029020781301,0.4014492753623188,0.91309053265575,0.9740338736834675,0.36106719367588935
adamson,gears,3,21,5060,0.012062744873909678,0.22930695626979014,19.009517209118346,0.9793412250539097,0.37254138785989277,0.6687157237420459,0.40582533408620364,0.9200922266139657,0.9773842367115961,0.35323734236777715
adamson,gears,4,21,5060,0.01251177234769772,0.20139076195679126,16.096101843944513,0.9785564099659216,0.37157595835769336,0.49551105882027197,0.38978919631093545,0.9143327686805948,0.9761955240912866,0.35191040843214755
adamson,gears_noprior,0,21,5060,0.015669809055860247,0.29285102316441247,18.688869923076126,0.9739150727882828,0.2941383802068173,0.5563203222979831,0.3631940523244872,0.902823263692829,0.9734468132029113,0.35862977602108037
adamson,gears_noprior,1,21,5060,0.01670755839609898,0.36864997332229976,22.06486217689206,0.9721555214037059,0.1763001464889808,0.2611564515238033,0.3502729154903067,0.9215697346132129,0.9750795975814798,0.3643327686805948
adamson,gears_noprior,2,21,5060,0.017936610963542425,0.4502713203445339,25.103478090690924,0.9703786173637108,0.10703606779216222,0.12312139672855708,0.32870318087709394,0.91309053265575,0.9740338736834675,0.36106719367588935
adamson,gears_noprior,3,21,5060,0.013519092673030478,0.2829509944255002,20.92973258404871,0.976841279702351,0.2771063083560222,0.5742200721290313,0.3899680030114813,0.9200922266139657,0.9773842367115961,0.35323734236777715
adamson,gears_noprior,4,21,5060,0.01441527973059947,0.24948738208722376,17.307148161518796,0.9758203517048248,0.26387855845000197,0.4358709558102237,0.35711462450592885,0.9143327686805948,0.9761955240912866,0.35191040843214755
adamson,hgnn,0,21,5060,0.011619902201270339,0.19855651559283183,17.08762364377944,0.9801033938535717,0.5271797992647008,0.7975249766256396,0.464069264069264,0.902823263692829,0.9734468132029113,0.35862977602108037
adamson,hgnn,1,21,5060,0.016233288954322907,0.29882097663774726,18.407913361153568,0.9735747568476935,0.44993072597722905,0.535376783708813,0.4432806324110672,0.9215697346132129,0.9750795975814798,0.3643327686805948
adamson,hgnn,2,21,5060,0.01284294184557894,0.3091606455489093,24.072416527786032,0.9787004269409459,0.4880912220101489,0.7075370697369863,0.4550912855260682,0.91309053265575,0.9740338736834675,0.36106719367588935
adamson,hgnn,3,21,5060,0.01225839280157511,0.2130263476555568,17.377999800119355,0.9799000201004479,0.4782712146007314,0.7332227571867151,0.4508375682288725,0.9200922266139657,0.9773842367115961,0.35323734236777715
adamson,hgnn,4,21,5060,0.01057717651539826,0.1393681701792471,13.176311275164487,0.9823648350667947,0.5564023985778888,0.8340789507864231,0.46438923395445136,0.9143327686805948,0.9761955240912866,0.35191040843214755
adamson,hgnn_noprior,0,21,5060,0.012641183027525824,0.14191196796159045,11.226161954350403,0.9797423336774609,0.5860847995063406,0.8341155748033968,0.47397891963109356,0.902823263692829,0.9734468132029113,0.35862977602108037
adamson,hgnn_noprior,1,21,5060,0.015246374575156641,0.31264906104770546,20.506452829589705,0.9749563699979634,0.43689083619712993,0.5328402199488875,0.43956333521550905,0.9215697346132129,0.9750795975814798,0.3643327686805948
adamson,hgnn_noprior,2,21,5060,0.012468428585127013,0.3188895524975158,25.575761237298483,0.9789147565444684,0.4682638394939438,0.6766257175021779,0.4525691699604743,0.91309053265575,0.9740338736834675,0.36106719367588935
adamson,hgnn_noprior,3,21,5060,0.012358365597764528,0.1992805941440926,16.125157697239505,0.9799270155044669,0.491928035165618,0.738093032259265,0.45335027291549035,0.9200922266139657,0.9773842367115961,0.35323734236777715
adamson,hgnn_noprior,4,21,5060,0.01073063978754754,0.14626143209657866,13.630262033985053,0.9820970136749736,0.5448321400603833,0.8255781848587981,0.4628646715603238,0.9143327686805948,0.9761955240912866,0.35191040843214755
dixit,gears,0,5,5012,0.008960573262783687,0.16516271512880368,18.43215944841171,0.9407646004092742,-0.09811296234308378,-0.16340566452579844,0.3559856344772546,0.9462490023942538,0.9646551476351707,0.2524341580207502
dixit,gears,1,5,5012,0.007783936769574537,0.021908125545205093,2.8145302555435032,0.9491252634086804,0.05476437924219232,0.5600796327540571,0.38264166001596167,0.9564245810055866,0.9676734239142208,0.25303272146847566
dixit,gears,2,5,5012,0.008499115324188232,0.08124442534651506,9.559162600758672,0.9446577792856603,-0.08082247176608508,0.057654565167885474,0.3468076616121309,0.9507980845969672,0.9658974067724584,0.2361931364724661
dixit,gears,3,5,5012,0.0075421770633287465,0.099844734990443,13.238184963318329,0.951135004812149,-0.01801779756417917,0.04588067415995005,0.35925778132482045,0.9476855546687949,0.9680855771094622,0.23910614525139665
dixit,gears,4,5,5012,0.008362539150066507,0.13568307876007282,16.225105356785534,0.9455203589032521,0.020554556214147434,0.16851076306114904,0.37956903431763767,0.9359138068635275,0.9610966086292139,0.23850758180367118
dixit,gears_noprior,0,5,5012,0.008532215823907296,0.12470561465691485,14.615853282507144,0.9434553505640235,-0.0973305237342271,-0.03198027405597935,0.336073423782921,0.9462490023942538,0.9646551476351707,0.2524341580207502
dixit,gears_noprior,1,5,5012,0.007983139070884635,0.027242157199122496,3.412461809475118,0.947627646891853,-0.015224033192454972,0.434359585690261,0.3679569034317638,0.9564245810055866,0.9676734239142208,0.25303272146847566
dixit,gears_noprior,2,5,5012,0.009010119507630764,0.121269543967041,13.45926031994765,0.9417971838823954,-0.1353654256998879,-0.3354773434829258,0.34461292897047086,0.9507980845969672,0.9658974067724584,0.2361931364724661
dixit,gears_noprior,3,5,5012,0.007996210822150998,0.13730617688119384,17.1714052987235,0.9479731254154681,-0.07396030127605392,-0.2713530450880283,0.3677972865123703,0.9476855546687949,0.9680855771094622,0.23910614525139665
dixit,gears_noprior,4,5,5012,0.010977617452344986,0.22188629183189276,20.21260922919977,0.9288915164613532,-0.21234100252229618,-0.21439353635785183,0.3187948922585794,0.9359138068635275,0.9610966086292139,0.23850758180367118
dixit,hgnn,0,5,5012,0.005696853570119868,0.0972462962173902,17.070176549288423,0.9621291423997915,0.2741513287578734,0.11327183078499184,0.480047885075818,0.9462490023942538,0.9646551476351707,0.2524341580207502
dixit,hgnn,1,5,5012,0.006161327478125969,0.05543615665065662,8.997437134686777,0.9599170144439686,0.1784108955557821,-0.0855781344842822,0.46703910614525135,0.9564245810055866,0.9676734239142208,0.25303272146847566
dixit,hgnn,2,5,5012,0.005792723780086312,0.09081242631482922,15.67698197987892,0.9616785766007323,0.2860753591209629,-0.22785236916469803,0.49824421388667195,0.9507980845969672,0.9658974067724584,0.2361931364724661
dixit,hgnn,3,5,5012,0.0058390791645892915,0.10619003017209254,18.18609187833502,0.9613134088607858,0.21526347254442743,0.13326510651813064,0.4816440542697526,0.9476855546687949,0.9680855771094622,0.23910614525139665
dixit,hgnn,4,5,5012,0.006580565969775206,0.13622767256564816,20.7015130904161,0.9568950630039055,0.2427464402950112,0.17682904468320132,0.4817637669592977,0.9359138068635275,0.9610966086292139,0.23850758180367118
dixit,hgnn_noprior,0,5,5012,0.005738628970179854,0.09629935882274368,16.780899989030928,0.9618834133783156,0.26852338211989857,0.1184782373988722,0.4788906624102155,0.9462490023942538,0.9646551476351707,0.2524341580207502
dixit,hgnn_noprior,1,5,5012,0.006203927374655834,0.06134703036592275,9.888418522843525,0.9598126332969216,0.18981994079842962,-0.18740739026514647,0.4720271348762969,0.9564245810055866,0.9676734239142208,0.25303272146847566
dixit,hgnn_noprior,2,5,5012,0.0060502795498071395,0.09727068578139964,16.07705643692121,0.9598893714218748,0.2253883879397125,-0.3419556817708401,0.48355945730247407,0.9507980845969672,0.9658974067724584,0.2361931364724661
dixit,hgnn_noprior,3,5,5012,0.005861233711271288,0.10221192356736422,17.438636403596792,0.9612560142366618,0.2778422575060402,0.27065697558350116,0.49413407821229055,0.9476855546687949,0.9680855771094622,0.23910614525139665
dixit,hgnn_noprior,4,5,5012,0.0065649399877386145,0.13688724343435377,20.85125586677396,0.9569957642219691,0.27124925160855023,0.23433284597908416,0.4892657621707901,0.9359138068635275,0.9610966086292139,0.23850758180367118
norman,gears,0,117,5045,0.008207211852648014,0.3068571522578268,37.38872076987033,0.9762101784405125,0.3503414213107361,0.4845251693716587,0.18621297213963217,0.9616595935723785,0.975789890803027,0.6912725640178564
norman,gears,1,107,5045,0.008659030818679844,0.2753133065369591,31.79493320927265,0.9747281578489359,0.30809424058232726,0.4223561188903732,0.19175458258847938,0.9627205616739068,0.9747682872332394,0.6804423737762011
norman,gears,2,117,5045,0.008090853112826781,0.3335224427911614,41.22216015297741,0.9757329241887094,0.33794726386115986,0.44345033333821327,0.19024844773110386,0.964983524349233,0.9740737895584017,0.6958637222264576
norman,gears,3,109,5045,0.007503538517238359,0.2880455961919202,38.38796796073941,0.9777761573831528,0.3661234081545311,0.4884109785155268,0.18781062183468053,0.9627535665251271,0.9764620059111835,0.6944053972958966
norman,gears,4,111,5045,0.007538708033962788,0.24180619626347233,32.07528334750547,0.9777975822779937,0.32944987870711084,0.4141157010330533,0.18897668729185085,0.9662157697836588,0.9775784871336569,0.6896347288815079
norman,gears_noprior,0,117,5045,0.008233687767757174,0.3122151136725696,37.919231634601545,0.9762482151349938,0.33974173969616356,0.48295102783336946,0.18546415592996365,0.9616595935723785,0.975789890803027,0.6912725640178564
norman,gears_noprior,1,107,5045,0.008482665345607085,0.30745325837835724,36.24488835193504,0.9745392403015974,0.26954131264420894,0.3666743854419962,0.1868899530394672,0.9627205616739068,0.9747682872332394,0.6804423737762011
norman,gears_noprior,2,117,5045,0.00853300886958569,0.33732585630244205,39.531876909770574,0.9743783936931938,0.3150200864805201,0.4080024885730688,0.18425791805375552,0.964983524349233,0.9740737895584017,0.6958637222264576
norman,gears_noprior,3,109,5045,0.007510535252038818,0.2884153810643177,38.40144162641725,0.9777586367612175,0.3426695849280841,0.47282868685132373,0.18459006555677795,0.9627535665251271,0.9764620059111835,0.6944053972958966
norman,gears_noprior,4,111,5045,0.0077000031280157364,0.29772631908614927,38.66574001806572,0.9772090718242998,0.29450011727189856,0.2599041348294796,0.18888025785944512,0.9662157697836588,0.9775784871336569,0.6896347288815079
norman,hgnn,0,117,5045,0.00799875881588451,0.37042817800247224,46.310707264588274,0.9772522929256051,0.3875761899056533,0.4977431107181919,0.20381523552980438,0.9616595935723785,0.975789890803027,0.6912725640178564
norman,hgnn,1,107,5045,0.0088641988575832,0.346606714205547,39.10186580584546,0.9739868784360854,0.3338052089877516,0.3887624294027044,0.21080925872752704,0.9627205616739068,0.9747682872332394,0.6804423737762011
norman,hgnn,2,117,5045,0.008908689411138239,0.36685160169762115,41.179076378951855,0.9738799508445666,0.3924370394798248,0.4657837886548683,0.21323303939755867,0.964983524349233,0.9740737895584017,0.6958637222264576
norman,hgnn,3,109,5045,0.00824772358138,0.3394381211515269,41.15537066710624,0.9766594508772839,0.37749659493768295,0.4647607898838401,0.20460261317863995,0.9627535665251271,0.9764620059111835,0.6944053972958966
norman,hgnn,4,111,5045,0.007381278801294805,0.26574681077728535,36.00281440807638,0.9786122824758137,0.35710494822808836,0.47118024929015895,0.20541790551701353,0.9662157697836588,0.9775784871336569,0.6896347288815079
norman,hgnn_noprior,0,117,5045,0.008308800271775283,0.3752392430911734,45.16166363582581,0.9765467751628764,0.36079992265532257,0.4715140313595474,0.2012858631292725,0.9616595935723785,0.975789890803027,0.6912725640178564
norman,hgnn_noprior,1,107,5045,0.008722892205677195,0.3476719307450066,39.857414553251985,0.9743985441761706,0.33109907195765087,0.3859847546505752,0.21072960180802686,0.9627205616739068,0.9747682872332394,0.6804423737762011
norman,hgnn_noprior,2,117,5045,0.009191633293905823,0.3627415356526108,39.46431760861406,0.9732122247344148,0.3966931014114895,0.4723977485580381,0.21383277002702178,0.964983524349233,0.9740737895584017,0.6958637222264576
norman,hgnn_noprior,3,109,5045,0.00833245752740667,0.3449284551788755,41.395765180243096,0.9762818890891284,0.38331361714483503,0.45276403669831294,0.20502086724070523,0.9627535665251271,0.9764620059111835,0.6944053972958966
norman,hgnn_noprior,4,111,5045,0.0075272998442687785,0.2637785527046713,35.04291819934741,0.9783040967382847,0.361627339498755,0.4866272576281109,0.2050339735176207,0.9662157697836588,0.9775784871336569,0.6896347288815079
