dataset,model,readout,mean,ci_lo,ci_hi,n_seeds
adamson,gears,mse_genome_wide,0.01363475508242212,0.011969364136174096,0.015300146028670143,5
adamson,gears,mse_top20_de,0.25597937382280833,0.18974739487418632,0.3222113527714303,5
adamson,gears,mse_ratio_de_over_genome,18.701488474682115,15.19278668689035,22.21019026247388,5
adamson,gears,pearson_absolute,0.9769223527804002,0.9743388021428935,0.9795059034179069,5
adamson,gears,pearson_delta,0.34317056411487096,0.27923852963241014,0.4071025985973318,5
adamson,gears,pearson_delta_de,0.5734663980056881,0.4559063642139182,0.6910264317974579,5
adamson,gears,direction_accuracy,0.39055147750799923,0.37420913047775367,0.4068938245382448,5
adamson,gears,frac_below_noise_floor,0.9143817052512706,0.9051828076865581,0.9235806028159831,5
adamson,gears,frac_true_delta_exactly_zero,0.3578354978354979,0.35133781596252206,0.36433317970847373,5
adamson,gears,pearson_absolute_ctrl_baseline,0.9752280090541483,0.973244643005697,0.9772113751025996,5
adamson,gears_noprior,mse_genome_wide,0.01564967016382632,0.01346237484240008,0.017836965485252564,5
adamson,gears_noprior,mse_top20_de,0.32884213866879397,0.22868162700208747,0.42900265033550045,5
adamson,gears_noprior,mse_ratio_de_over_genome,20.818818187245324,17.05308729362883,24.584549080861816,5
adamson,gears_noprior,pearson_absolute,0.973822168592575,0.9705516060140803,0.9770927311710697,5
adamson,gears_noprior,pearson_delta,0.22369189225879688,0.12497114231678537,0.3224126422008084,5
adamson,gears_noprior,pearson_delta_de,0.3901378396979197,0.14846876024083752,0.6318069191550019,5
adamson,gears_noprior,direction_accuracy,0.3578505552418596,0.3303118090988305,0.3853893013848887,5
adamson,gears_noprior,frac_below_noise_floor,0.9143817052512706,0.9051828076865581,0.9235806028159831,5
adamson,gears_noprior,frac_true_delta_exactly_zero,0.3578354978354979,0.35133781596252206,0.36433317970847373,5
adamson,gears_noprior,pearson_absolute_ctrl_baseline,0.9752280090541483,0.973244643005697,0.9772113751025996,5
adamson,hgnn,mse_genome_wide,0.012706340463629113,0.01004526810453593,0.015367412822722295,5
adamson,hgnn,mse_top20_de,0.23178653112285846,0.14294527178000782,0.3206277904657091,5
adamson,hgnn,mse_ratio_de_over_genome,18.024452921600577,13.154781358188202,22.894124485012952,5
adamson,hgnn,pearson_absolute,0.9789286865618907,0.9748648581761549,0.9829925149476265,5
adamson,hgnn,pearson_delta,0.4999750720861398,0.4478811620485505,0.552068982123729,5
adamson,hgnn,pearson_delta_de,0.7215481076089155,0.5780458512156718,0.8650503640021593,5
adamson,hgnn,direction_accuracy,0.4555335968379447,0.44436442739943965,0.46670276627644974,5
adamson,hgnn,frac_below_noise_floor,0.9143817052512706,0.9051828076865581,0.9235806028159831,5
adamson,hgnn,frac_true_delta_exactly_zero,0.3578354978354979,0.35133781596252206,0.36433317970847373,5
adamson,hgnn,pearson_absolute_ctrl_baseline,0.9752280090541483,0.973244643005697,0.9772113751025996,5
adamson,hgnn_noprior,mse_genome_wide,0.01268899831462431,0.010673865554741768,0.01470413107450685,5
adamson,hgnn_noprior,mse_top20_de,0.2237985215494966,0.1158107616330837,0.3317862814659095,5
adamson,hgnn_noprior,mse_ratio_de_over_genome,17.412759150492626,10.322087690180835,24.503430610804415,5
adamson,hgnn_noprior,pearson_absolute,0.9791274978798666,0.9758849450519279,0.9823700507078054,5
adamson,hgnn_noprior,pearson_delta,0.5055999300846831,0.43131037184850807,0.5798894883208581,5
adamson,hgnn_noprior,pearson_delta_de,0.7214505458745052,0.5676193672427384,0.875281724506272,5
adamson,hgnn_noprior,direction_accuracy,0.45646527385657826,0.44053710972727905,0.47239343798587746,5
adamson,hgnn_noprior,frac_below_noise_floor,0.9143817052512706,0.9051828076865581,0.9235806028159831,5
adamson,hgnn_noprior,frac_true_delta_exactly_zero,0.3578354978354979,0.35133781596252206,0.36433317970847373,5
adamson,hgnn_noprior,pearson_absolute_ctrl_baseline,0.9752280090541483,0.973244643005697,0.9772113751025996,5
dixit,gears,mse_genome_wide,0.008229668313988341,0.007522955524109062,0.008936381103867621,5
dixit,gears,mse_top20_de,0.10076861595420794,0.03285446378265772,0.16868276812575816,5
dixit,gears,mse_ratio_de_over_genome,12.05382852496355,4.423064594259623,19.684592455667477,5
dixit,gears,pearson_absolute,0.9462406013638033,0.9412242510882459,0.9512569516393606,5
dixit,gears,pearson_delta,-0.02432685924340166,-0.10514409952920253,0.05649038104239921,5
dixit,gears,pearson_delta_de,0.13374399412344867,-0.1975606558582193,0.46504864410511665,5
dixit,gears,direction_accuracy,0.36485235434956104,0.3455309197577804,0.3841737889413417,5
dixit,gears,frac_below_noise_floor,0.9474142059058261,0.9380742841483061,0.9567541276633462,5
dixit,gears,frac_true_delta_exactly_zero,0.24385474860335193,0.23369729998944924,0.25401219721725465,5
dixit,gears,pearson_absolute_ctrl_baseline,0.9654816328121052,0.9619878951820885,0.9689753704421219,5
dixit,gears_noprior,mse_genome_wide,0.008899860535383736,0.007363837036109036,0.010435884034658437,5
dixit,gears_noprior,mse_top20_de,0.126481956907233,0.04068572990505713,0.21227818390940884,5
dixit,gears_noprior,mse_ratio_de_over_genome,13.774317987970637,5.892751161153548,21.655884814787726,5
dixit,gears_noprior,pearson_absolute,0.9419489646430186,0.9323045211913925,0.9515934080946447,5
dixit,gears_noprior,pearson_delta,-0.106844257284984,-0.19789546950020387,-0.01579304506976416,5
dixit,gears_noprior,pearson_delta_de,-0.08376892265890486,-0.46985801727699905,0.30232017195918937,5
dixit,gears_noprior,direction_accuracy,0.3470470869912211,0.3207636371504026,0.3733305368320396,5
dixit,gears_noprior,frac_below_noise_floor,0.9474142059058261,0.9380742841483061,0.9567541276633462,5
dixit,gears_noprior,frac_true_delta_exactly_zero,0.24385474860335193,0.23369729998944924,0.25401219721725465,5
dixit,gears_noprior,pearson_absolute_ctrl_baseline,0.9654816328121052,0.9619878951820885,0.9689753704421219,5
dixit,hgnn,mse_genome_wide,0.0060141099925393295,0.005565198808155958,0.006463021176922701,5
dixit,hgnn,mse_top20_de,0.09718251638412335,0.06104070707992362,0.1333243256883231,5
dixit,hgnn,mse_ratio_de_over_genome,16.12644012652105,10.67552129117339,21.57735896186871,5
dixit,hgnn,pearson_absolute,0.9603866410618368,0.9577544324740601,0.9630188496496135,5
dixit,hgnn,pearson_delta,0.2393294992548114,0.18485291297289252,0.29380608553673027,5
dixit,hgnn,pearson_delta_de,0.021987095667468714,-0.19189089282608002,0.23586508416101742,5
dixit,hgnn,direction_accuracy,0.48174780526735833,0.4679857917329708,0.4955098188017459,5
dixit,hgnn,frac_below_noise_floor,0.9474142059058261,0.9380742841483061,0.9567541276633462,5
dixit,hgnn,frac_true_delta_exactly_zero,0.24385474860335193,0.23369729998944924,0.25401219721725465,5
dixit,hgnn,pearson_absolute_ctrl_baseline,0.9654816328121052,0.9619878951820885,0.9689753704421219,5
dixit,hgnn_noprior,mse_genome_wide,0.006083801918730546,0.005683507909719988,0.006484095927741105,5
dixit,hgnn_noprior,mse_top20_de,0.09880324839435681,0.06552296885033615,0.13208352793837747,5
dixit,hgnn_noprior,mse_ratio_de_over_genome,16.20725344383328,11.265619523827096,21.148887363839464,5
dixit,hgnn_noprior,pearson_absolute,0.9599674393111485,0.9576285999317438,0.9623062786905532,5
dixit,hgnn_noprior,pearson_delta,0.24656464399452624,0.1995360553694366,0.2935932326196159,5
dixit,hgnn_noprior,pearson_delta_de,0.018820997385094185,-0.31693849508365535,0.3545804898538437,5
dixit,hgnn_noprior,direction_accuracy,0.4835754189944135,0.47283708269531166,0.4943137552935153,5
dixit,hgnn_noprior,frac_below_noise_floor,0.9474142059058261,0.9380742841483061,0.9567541276633462,5
dixit,hgnn_noprior,frac_true_delta_exactly_zero,0.24385474860335193,0.23369729998944924,0.25401219721725465,5
dixit,hgnn_noprior,pearson_absolute_ctrl_baseline,0.9654816328121052,0.9619878951820885,0.9689753704421219,5
norman,gears,mse_genome_wide,0.007999868467071156,0.007396422045681757,0.008603314888460556,5
norman,gears,mse_top20_de,0.289108938808268,0.24647193437106552,0.33174594324547046,5
norman,gears,mse_ratio_de_over_genome,36.173813088073054,31.060447412138632,41.28717876400748,5
norman,gears,pearson_absolute,0.976449000027861,0.974793447124299,0.9781045529314228,5
norman,gears,pearson_delta,0.33839124252317304,0.31125915658398834,0.36552332846235774,5
norman,gears,pearson_delta_de,0.450571660229765,0.40773640356415486,0.4934069168953752,5
norman,gears,direction_accuracy,0.18900066231714935,0.18634273029380366,0.19165859434049504,5
norman,gears,frac_below_noise_floor,0.963666603180861,0.9613445545792231,0.9659886517824988,5
norman,gears,frac_true_delta_exactly_zero,0.6903237572395838,0.6828127745032398,0.6978347399759278,5
norman,gears,pearson_absolute_ctrl_baseline,0.9757344921279018,0.9740202595378576,0.9774487247179459,5
norman,gears_noprior,mse_genome_wide,0.0080919800726009,0.0075165969221542015,0.008667363223047599,5
norman,gears_noprior,mse_top20_de,0.30862718570076714,0.28568821231822467,0.3315661590833096,5
norman,gears_noprior,mse_ratio_de_over_genome,38.15263570815803,36.64189947488565,39.66337194143041,5
norman,gears_noprior,pearson_absolute,0.9760267115430604,0.9741256952657255,0.9779277278203954,5
norman,gears_noprior,pearson_delta,0.31229456820417506,0.2738836735613845,0.35070546284696563,5
norman,gears_noprior,pearson_delta_de,0.39807214470584756,0.28534745558535,0.5107968338263451,5
norman,gears_noprior,direction_accuracy,0.1860164700878819,0.18366086961328287,0.18837207056248095,5
norman,gears_noprior,frac_below_noise_floor,0.963666603180861,0.9613445545792231,0.9659886517824988,5
norman,gears_noprior,frac_true_delta_exactly_zero,0.6903237572395838,0.6828127745032398,0.6978347399759278,5
norman,gears_noprior,pearson_absolute_ctrl_baseline,0.9757344921279018,0.9740202595378576,0.9774487247179459,5
norman,hgnn,mse_genome_wide,0.00828012989345615,0.007488873053788998,0.009071386733123302,5
norman,hgnn,mse_top20_de,0.3378142851668905,0.2852063418070888,0.39042222852669217,5
norman,hgnn,mse_ratio_de_over_genome,40.74996690491364,36.08248213347274,45.417451676354545,5
norman,hgnn,pearson_absolute,0.9760781711118709,0.9734926576833154,0.9786636845404264,5
norman,hgnn,pearson_delta,0.3696839963078002,0.3396240052662271,0.3997439873493733,5
norman,hgnn,pearson_delta_de,0.4576460735899528,0.4070083107916568,0.5082838363882488,5
norman,hgnn,direction_accuracy,0.2075756104701087,0.20237772977506038,0.212773491165157,5
norman,hgnn,frac_below_noise_floor,0.963666603180861,0.9613445545792231,0.9659886517824988,5
norman,hgnn,frac_true_delta_exactly_zero,0.6903237572395838,0.6828127745032398,0.6978347399759278,5
norman,hgnn,pearson_absolute_ctrl_baseline,0.9757344921279018,0.9740202595378576,0.9774487247179459,5
norman,hgnn_noprior,mse_genome_wide,0.00841661662860675,0.007655230779671343,0.009178002477542158,5
norman,hgnn_noprior,mse_top20_de,0.3388719434744675,0.2845873776985379,0.393156509250397,5
norman,hgnn_noprior,mse_ratio_de_over_genome,40.18441583545648,35.65188165321706,44.71695001769589,5
norman,hgnn_noprior,pearson_absolute,0.975748705980175,0.973288150950557,0.9782092610097931,5
norman,hgnn_noprior,pearson_delta,0.3667066105336106,0.33564287300297624,0.39777034806424494,5
norman,hgnn_noprior,pearson_delta_de,0.45385756577891695,0.4044350641632722,0.5032800673945618,5
norman,hgnn_noprior,direction_accuracy,0.2071806151445294,0.20094543542385962,0.21341579486519918,5
norman,hgnn_noprior,frac_below_noise_floor,0.963666603180861,0.9613445545792231,0.9659886517824988,5
norman,hgnn_noprior,frac_true_delta_exactly_zero,0.6903237572395838,0.6828127745032398,0.6978347399759278,5
norman,hgnn_noprior,pearson_absolute_ctrl_baseline,0.9757344921279018,0.9740202595378576,0.9774487247179459,5
